"Faerdigvacc. dato","regionskode_current","Regionsnavn","Antal faerdigvacc.","regionskode_num"
2021-01-04,1083,Syddanmark,1,1083
2021-01-09,1084,Hovedstaden,1,1084
2021-01-13,1084,Hovedstaden,1,1084
2021-01-15,1084,Hovedstaden,5,1084
2021-01-16,1082,Midtjylland,7,1082
2021-01-16,1085,Sjælland,1,1085
2021-01-17,1081,Nordjylland,1,1081
2021-01-17,1082,Midtjylland,2,1082
2021-01-17,1083,Syddanmark,449,1083
2021-01-17,1084,Hovedstaden,38,1084
2021-01-17,1085,Sjælland,201,1085
2021-01-18,1081,Nordjylland,3,1081
2021-01-18,1082,Midtjylland,165,1082
2021-01-18,1083,Syddanmark,503,1083
2021-01-18,1084,Hovedstaden,136,1084
2021-01-18,1085,Sjælland,1285,1085
2021-01-19,1081,Nordjylland,2,1081
2021-01-19,1082,Midtjylland,9,1082
2021-01-19,1083,Syddanmark,442,1083
2021-01-19,1084,Hovedstaden,166,1084
2021-01-19,1085,Sjælland,1411,1085
2021-01-20,1081,Nordjylland,2,1081
2021-01-20,1082,Midtjylland,99,1082
2021-01-20,1083,Syddanmark,304,1083
2021-01-20,1084,Hovedstaden,125,1084
2021-01-20,1085,Sjælland,1310,1085
2021-01-21,1081,Nordjylland,9,1081
2021-01-21,1082,Midtjylland,577,1082
2021-01-21,1083,Syddanmark,439,1083
2021-01-21,1084,Hovedstaden,115,1084
2021-01-21,1085,Sjælland,1165,1085
2021-01-22,1081,Nordjylland,2462,1081
2021-01-22,1082,Midtjylland,1174,1082
2021-01-22,1083,Syddanmark,1455,1083
2021-01-22,1084,Hovedstaden,76,1084
2021-01-22,1085,Sjælland,449,1085
2021-01-23,1081,Nordjylland,1334,1081
2021-01-23,1082,Midtjylland,1032,1082
2021-01-23,1083,Syddanmark,172,1083
2021-01-23,1084,Hovedstaden,4111,1084
2021-01-23,1085,Sjælland,365,1085
2021-01-24,1081,Nordjylland,627,1081
2021-01-24,1082,Midtjylland,1287,1082
2021-01-24,1083,Syddanmark,218,1083
2021-01-24,1084,Hovedstaden,3999,1084
2021-01-24,1085,Sjælland,275,1085
2021-01-25,1081,Nordjylland,12,1081
2021-01-25,1082,Midtjylland,163,1082
2021-01-25,1083,Syddanmark,1767,1083
2021-01-25,1084,Hovedstaden,245,1084
2021-01-25,1085,Sjælland,263,1085
2021-01-26,1081,Nordjylland,155,1081
2021-01-26,1082,Midtjylland,45,1082
2021-01-26,1083,Syddanmark,951,1083
2021-01-26,1084,Hovedstaden,137,1084
2021-01-26,1085,Sjælland,421,1085
2021-01-27,1081,Nordjylland,223,1081
2021-01-27,1082,Midtjylland,1119,1082
2021-01-27,1083,Syddanmark,1080,1083
2021-01-27,1084,Hovedstaden,631,1084
2021-01-27,1085,Sjælland,1264,1085
2021-01-28,1081,Nordjylland,522,1081
2021-01-28,1082,Midtjylland,1774,1082
2021-01-28,1083,Syddanmark,491,1083
2021-01-28,1084,Hovedstaden,3767,1084
2021-01-28,1085,Sjælland,1523,1085
2021-01-29,1081,Nordjylland,1902,1081
2021-01-29,1082,Midtjylland,3788,1082
2021-01-29,1083,Syddanmark,3022,1083
2021-01-29,1084,Hovedstaden,7539,1084
2021-01-29,1085,Sjælland,1868,1085
2021-01-30,1081,Nordjylland,1826,1081
2021-01-30,1082,Midtjylland,2588,1082
2021-01-30,1083,Syddanmark,2754,1083
2021-01-30,1084,Hovedstaden,4596,1084
2021-01-30,1085,Sjælland,978,1085
2021-01-31,1081,Nordjylland,1575,1081
2021-01-31,1082,Midtjylland,6077,1082
2021-01-31,1083,Syddanmark,1216,1083
2021-01-31,1084,Hovedstaden,2613,1084
2021-01-31,1085,Sjælland,566,1085
2021-02-01,1081,Nordjylland,588,1081
2021-02-01,1082,Midtjylland,1484,1082
2021-02-01,1083,Syddanmark,3092,1083
2021-02-01,1084,Hovedstaden,1890,1084
2021-02-01,1085,Sjælland,755,1085
2021-02-02,1081,Nordjylland,365,1081
2021-02-02,1082,Midtjylland,1002,1082
2021-02-02,1083,Syddanmark,1066,1083
2021-02-02,1084,Hovedstaden,112,1084
2021-02-02,1085,Sjælland,448,1085
2021-02-03,1081,Nordjylland,530,1081
2021-02-03,1082,Midtjylland,1377,1082
2021-02-03,1083,Syddanmark,534,1083
2021-02-03,1084,Hovedstaden,2983,1084
2021-02-03,1085,Sjælland,720,1085
2021-02-04,1081,Nordjylland,298,1081
2021-02-04,1082,Midtjylland,1765,1082
2021-02-04,1083,Syddanmark,746,1083
2021-02-04,1084,Hovedstaden,6491,1084
2021-02-04,1085,Sjælland,1549,1085
2021-02-05,1081,Nordjylland,540,1081
2021-02-05,1082,Midtjylland,2395,1082
2021-02-05,1083,Syddanmark,4446,1083
2021-02-05,1084,Hovedstaden,4877,1084
2021-02-05,1085,Sjælland,1057,1085
2021-02-06,1081,Nordjylland,583,1081
2021-02-06,1082,Midtjylland,483,1082
2021-02-06,1083,Syddanmark,2356,1083
2021-02-06,1084,Hovedstaden,3025,1084
2021-02-06,1085,Sjælland,284,1085
2021-02-07,1081,Nordjylland,1213,1081
2021-02-07,1082,Midtjylland,75,1082
2021-02-07,1083,Syddanmark,1553,1083
2021-02-07,1084,Hovedstaden,570,1084
2021-02-07,1085,Sjælland,208,1085
2021-02-08,1081,Nordjylland,1363,1081
2021-02-08,1082,Midtjylland,2650,1082
2021-02-08,1083,Syddanmark,1697,1083
2021-02-08,1084,Hovedstaden,1136,1084
2021-02-08,1085,Sjælland,147,1085
2021-02-09,1081,Nordjylland,1086,1081
2021-02-09,1082,Midtjylland,2612,1082
2021-02-09,1083,Syddanmark,1062,1083
2021-02-09,1084,Hovedstaden,32,1084
2021-02-09,1085,Sjælland,60,1085
2021-02-10,1081,Nordjylland,704,1081
2021-02-10,1082,Midtjylland,1878,1082
2021-02-10,1083,Syddanmark,95,1083
2021-02-10,1084,Hovedstaden,937,1084
2021-02-10,1085,Sjælland,270,1085
2021-02-11,1081,Nordjylland,245,1081
2021-02-11,1082,Midtjylland,1588,1082
2021-02-11,1083,Syddanmark,149,1083
2021-02-11,1084,Hovedstaden,240,1084
2021-02-11,1085,Sjælland,230,1085
2021-02-12,1081,Nordjylland,91,1081
2021-02-12,1082,Midtjylland,1007,1082
2021-02-12,1083,Syddanmark,1717,1083
2021-02-12,1084,Hovedstaden,4167,1084
2021-02-12,1085,Sjælland,637,1085
2021-02-13,1081,Nordjylland,1,1081
2021-02-13,1082,Midtjylland,36,1082
2021-02-13,1083,Syddanmark,867,1083
2021-02-13,1084,Hovedstaden,7,1084
2021-02-13,1085,Sjælland,57,1085
2021-02-14,1081,Nordjylland,1,1081
2021-02-14,1082,Midtjylland,27,1082
2021-02-14,1083,Syddanmark,558,1083
2021-02-14,1084,Hovedstaden,11,1084
2021-02-14,1085,Sjælland,28,1085
2021-02-15,1081,Nordjylland,34,1081
2021-02-15,1082,Midtjylland,467,1082
2021-02-15,1083,Syddanmark,1064,1083
2021-02-15,1084,Hovedstaden,1377,1084
2021-02-15,1085,Sjælland,188,1085
2021-02-16,1081,Nordjylland,23,1081
2021-02-16,1082,Midtjylland,231,1082
2021-02-16,1083,Syddanmark,560,1083
2021-02-16,1084,Hovedstaden,413,1084
2021-02-16,1085,Sjælland,108,1085
2021-02-17,1081,Nordjylland,15,1081
2021-02-17,1082,Midtjylland,117,1082
2021-02-17,1083,Syddanmark,212,1083
2021-02-17,1084,Hovedstaden,32,1084
2021-02-17,1085,Sjælland,51,1085
2021-02-18,1081,Nordjylland,35,1081
2021-02-18,1082,Midtjylland,69,1082
2021-02-18,1083,Syddanmark,41,1083
2021-02-18,1084,Hovedstaden,72,1084
2021-02-18,1085,Sjælland,92,1085
2021-02-19,1081,Nordjylland,180,1081
2021-02-19,1082,Midtjylland,109,1082
2021-02-19,1083,Syddanmark,87,1083
2021-02-19,1084,Hovedstaden,50,1084
2021-02-19,1085,Sjælland,542,1085
2021-02-20,1081,Nordjylland,141,1081
2021-02-20,1082,Midtjylland,3,1082
2021-02-20,1083,Syddanmark,62,1083
2021-02-20,1084,Hovedstaden,100,1084
2021-02-20,1085,Sjælland,277,1085
2021-02-21,1081,Nordjylland,23,1081
2021-02-21,1082,Midtjylland,43,1082
2021-02-21,1083,Syddanmark,33,1083
2021-02-21,1084,Hovedstaden,105,1084
2021-02-21,1085,Sjælland,158,1085
2021-02-22,1081,Nordjylland,27,1081
2021-02-22,1082,Midtjylland,364,1082
2021-02-22,1083,Syddanmark,184,1083
2021-02-22,1084,Hovedstaden,145,1084
2021-02-22,1085,Sjælland,386,1085
2021-02-23,1081,Nordjylland,24,1081
2021-02-23,1082,Midtjylland,275,1082
2021-02-23,1083,Syddanmark,359,1083
2021-02-23,1084,Hovedstaden,152,1084
2021-02-23,1085,Sjælland,1132,1085
2021-02-24,1081,Nordjylland,8,1081
2021-02-24,1082,Midtjylland,222,1082
2021-02-24,1083,Syddanmark,600,1083
2021-02-24,1084,Hovedstaden,64,1084
2021-02-24,1085,Sjælland,1060,1085
2021-02-25,1081,Nordjylland,17,1081
2021-02-25,1082,Midtjylland,157,1082
2021-02-25,1083,Syddanmark,323,1083
2021-02-25,1084,Hovedstaden,32,1084
2021-02-25,1085,Sjælland,105,1085
2021-02-26,1081,Nordjylland,48,1081
2021-02-26,1082,Midtjylland,390,1082
2021-02-26,1083,Syddanmark,303,1083
2021-02-26,1084,Hovedstaden,61,1084
2021-02-26,1085,Sjælland,206,1085
2021-02-27,1081,Nordjylland,1,1081
2021-02-27,1082,Midtjylland,3,1082
2021-02-27,1083,Syddanmark,115,1083
2021-02-27,1084,Hovedstaden,1117,1084
2021-02-27,1085,Sjælland,216,1085
2021-02-28,1081,Nordjylland,4,1081
2021-02-28,1082,Midtjylland,2,1082
2021-02-28,1083,Syddanmark,29,1083
2021-02-28,1084,Hovedstaden,1149,1084
2021-02-28,1085,Sjælland,233,1085
2021-03-01,1081,Nordjylland,76,1081
2021-03-01,1082,Midtjylland,147,1082
2021-03-01,1083,Syddanmark,377,1083
2021-03-01,1084,Hovedstaden,221,1084
2021-03-01,1085,Sjælland,249,1085
2021-03-02,1081,Nordjylland,69,1081
2021-03-02,1082,Midtjylland,180,1082
2021-03-02,1083,Syddanmark,369,1083
2021-03-02,1084,Hovedstaden,254,1084
2021-03-02,1085,Sjælland,432,1085
2021-03-03,1081,Nordjylland,45,1081
2021-03-03,1082,Midtjylland,217,1082
2021-03-03,1083,Syddanmark,165,1083
2021-03-03,1084,Hovedstaden,40,1084
2021-03-03,1085,Sjælland,565,1085
2021-03-04,1081,Nordjylland,37,1081
2021-03-04,1082,Midtjylland,617,1082
2021-03-04,1083,Syddanmark,177,1083
2021-03-04,1084,Hovedstaden,196,1084
2021-03-04,1085,Sjælland,787,1085
2021-03-05,1081,Nordjylland,688,1081
2021-03-05,1082,Midtjylland,2628,1082
2021-03-05,1083,Syddanmark,502,1083
2021-03-05,1084,Hovedstaden,264,1084
2021-03-05,1085,Sjælland,1631,1085
2021-03-06,1081,Nordjylland,713,1081
2021-03-06,1082,Midtjylland,1538,1082
2021-03-06,1083,Syddanmark,338,1083
2021-03-06,1084,Hovedstaden,94,1084
2021-03-06,1085,Sjælland,1303,1085
2021-03-07,1081,Nordjylland,617,1081
2021-03-07,1082,Midtjylland,1122,1082
2021-03-07,1083,Syddanmark,623,1083
2021-03-07,1084,Hovedstaden,321,1084
2021-03-07,1085,Sjælland,1655,1085
2021-03-08,1081,Nordjylland,605,1081
2021-03-08,1082,Midtjylland,3443,1082
2021-03-08,1083,Syddanmark,800,1083
2021-03-08,1084,Hovedstaden,237,1084
2021-03-08,1085,Sjælland,1378,1085
2021-03-09,1081,Nordjylland,547,1081
2021-03-09,1082,Midtjylland,2784,1082
2021-03-09,1083,Syddanmark,780,1083
2021-03-09,1084,Hovedstaden,1467,1084
2021-03-09,1085,Sjælland,1666,1085
2021-03-10,1081,Nordjylland,373,1081
2021-03-10,1082,Midtjylland,1767,1082
2021-03-10,1083,Syddanmark,855,1083
2021-03-10,1084,Hovedstaden,1698,1084
2021-03-10,1085,Sjælland,2570,1085
2021-03-11,1081,Nordjylland,796,1081
2021-03-11,1082,Midtjylland,1269,1082
2021-03-11,1083,Syddanmark,380,1083
2021-03-11,1084,Hovedstaden,4415,1084
2021-03-11,1085,Sjælland,1170,1085
2021-03-12,1081,Nordjylland,1522,1081
2021-03-12,1082,Midtjylland,1012,1082
2021-03-12,1083,Syddanmark,2248,1083
2021-03-12,1084,Hovedstaden,4860,1084
2021-03-12,1085,Sjælland,988,1085
2021-03-13,1081,Nordjylland,2389,1081
2021-03-13,1082,Midtjylland,586,1082
2021-03-13,1083,Syddanmark,1948,1083
2021-03-13,1084,Hovedstaden,85,1084
2021-03-13,1085,Sjælland,926,1085
2021-03-14,1081,Nordjylland,2267,1081
2021-03-14,1082,Midtjylland,209,1082
2021-03-14,1083,Syddanmark,1988,1083
2021-03-14,1084,Hovedstaden,3242,1084
2021-03-14,1085,Sjælland,1688,1085
2021-03-15,1081,Nordjylland,1771,1081
2021-03-15,1082,Midtjylland,2804,1082
2021-03-15,1083,Syddanmark,1835,1083
2021-03-15,1084,Hovedstaden,2769,1084
2021-03-15,1085,Sjælland,729,1085
2021-03-16,1081,Nordjylland,59,1081
2021-03-16,1082,Midtjylland,3540,1082
2021-03-16,1083,Syddanmark,1466,1083
2021-03-16,1084,Hovedstaden,3544,1084
2021-03-16,1085,Sjælland,889,1085
2021-03-17,1081,Nordjylland,41,1081
2021-03-17,1082,Midtjylland,2838,1082
2021-03-17,1083,Syddanmark,1050,1083
2021-03-17,1084,Hovedstaden,4445,1084
2021-03-17,1085,Sjælland,834,1085
2021-03-18,1081,Nordjylland,105,1081
2021-03-18,1082,Midtjylland,1164,1082
2021-03-18,1083,Syddanmark,1032,1083
2021-03-18,1084,Hovedstaden,4421,1084
2021-03-18,1085,Sjælland,547,1085
2021-03-19,1081,Nordjylland,549,1081
2021-03-19,1082,Midtjylland,3074,1082
2021-03-19,1083,Syddanmark,3885,1083
2021-03-19,1084,Hovedstaden,1172,1084
2021-03-19,1085,Sjælland,3119,1085
2021-03-20,1081,Nordjylland,1772,1081
2021-03-20,1082,Midtjylland,23,1082
2021-03-20,1083,Syddanmark,2626,1083
2021-03-20,1084,Hovedstaden,83,1084
2021-03-20,1085,Sjælland,341,1085
2021-03-21,1081,Nordjylland,5,1081
2021-03-21,1082,Midtjylland,13,1082
2021-03-21,1083,Syddanmark,2511,1083
2021-03-21,1084,Hovedstaden,2091,1084
2021-03-21,1085,Sjælland,64,1085
2021-03-22,1081,Nordjylland,1403,1081
2021-03-22,1082,Midtjylland,2779,1082
2021-03-22,1083,Syddanmark,2220,1083
2021-03-22,1084,Hovedstaden,84,1084
2021-03-22,1085,Sjælland,1319,1085
2021-03-23,1081,Nordjylland,2256,1081
2021-03-23,1082,Midtjylland,3388,1082
2021-03-23,1083,Syddanmark,1366,1083
2021-03-23,1084,Hovedstaden,103,1084
2021-03-23,1085,Sjælland,498,1085
2021-03-24,1081,Nordjylland,429,1081
2021-03-24,1082,Midtjylland,1741,1082
2021-03-24,1083,Syddanmark,1217,1083
2021-03-24,1084,Hovedstaden,8622,1084
2021-03-24,1085,Sjælland,1511,1085
2021-03-25,1081,Nordjylland,213,1081
2021-03-25,1082,Midtjylland,1740,1082
2021-03-25,1083,Syddanmark,1283,1083
2021-03-25,1084,Hovedstaden,4552,1084
2021-03-25,1085,Sjælland,675,1085
2021-03-26,1081,Nordjylland,40,1081
2021-03-26,1082,Midtjylland,1412,1082
2021-03-26,1083,Syddanmark,3329,1083
2021-03-26,1084,Hovedstaden,2698,1084
2021-03-26,1085,Sjælland,408,1085
2021-03-27,1081,Nordjylland,279,1081
2021-03-27,1082,Midtjylland,176,1082
2021-03-27,1083,Syddanmark,2385,1083
2021-03-27,1084,Hovedstaden,42,1084
2021-03-27,1085,Sjælland,252,1085
2021-03-28,1081,Nordjylland,22,1081
2021-03-28,1082,Midtjylland,162,1082
2021-03-28,1083,Syddanmark,2593,1083
2021-03-28,1084,Hovedstaden,33,1084
2021-03-28,1085,Sjælland,14,1085
2021-03-29,1081,Nordjylland,111,1081
2021-03-29,1082,Midtjylland,2445,1082
2021-03-29,1083,Syddanmark,2507,1083
2021-03-29,1084,Hovedstaden,562,1084
2021-03-29,1085,Sjælland,615,1085
2021-03-30,1081,Nordjylland,316,1081
2021-03-30,1082,Midtjylland,2973,1082
2021-03-30,1083,Syddanmark,1997,1083
2021-03-30,1084,Hovedstaden,281,1084
2021-03-30,1085,Sjælland,525,1085
2021-03-31,1081,Nordjylland,1820,1081
2021-03-31,1082,Midtjylland,1670,1082
2021-03-31,1083,Syddanmark,1266,1083
2021-03-31,1084,Hovedstaden,3811,1084
2021-03-31,1085,Sjælland,1279,1085
2021-04-01,1081,Nordjylland,36,1081
2021-04-01,1082,Midtjylland,380,1082
2021-04-01,1083,Syddanmark,827,1083
2021-04-01,1084,Hovedstaden,4729,1084
2021-04-01,1085,Sjælland,1002,1085
2021-04-02,1081,Nordjylland,554,1081
2021-04-02,1082,Midtjylland,333,1082
2021-04-02,1083,Syddanmark,1947,1083
2021-04-02,1084,Hovedstaden,3737,1084
2021-04-02,1085,Sjælland,470,1085
2021-04-03,1081,Nordjylland,428,1081
2021-04-03,1082,Midtjylland,42,1082
2021-04-03,1083,Syddanmark,1046,1083
2021-04-03,1084,Hovedstaden,88,1084
2021-04-03,1085,Sjælland,591,1085
2021-04-04,1081,Nordjylland,511,1081
2021-04-04,1082,Midtjylland,56,1082
2021-04-04,1083,Syddanmark,930,1083
2021-04-04,1084,Hovedstaden,40,1084
2021-04-04,1085,Sjælland,256,1085
2021-04-05,1081,Nordjylland,610,1081
2021-04-05,1082,Midtjylland,151,1082
2021-04-05,1083,Syddanmark,522,1083
2021-04-05,1084,Hovedstaden,35,1084
2021-04-05,1085,Sjælland,13,1085
2021-04-06,1081,Nordjylland,129,1081
2021-04-06,1082,Midtjylland,2005,1082
2021-04-06,1083,Syddanmark,1888,1083
2021-04-06,1084,Hovedstaden,184,1084
2021-04-06,1085,Sjælland,1941,1085
2021-04-07,1081,Nordjylland,496,1081
2021-04-07,1082,Midtjylland,3876,1082
2021-04-07,1083,Syddanmark,1582,1083
2021-04-07,1084,Hovedstaden,582,1084
2021-04-07,1085,Sjælland,1794,1085
2021-04-08,1081,Nordjylland,975,1081
2021-04-08,1082,Midtjylland,2456,1082
2021-04-08,1083,Syddanmark,1592,1083
2021-04-08,1084,Hovedstaden,1679,1084
2021-04-08,1085,Sjælland,1940,1085
2021-04-09,1081,Nordjylland,1978,1081
2021-04-09,1082,Midtjylland,1305,1082
2021-04-09,1083,Syddanmark,1715,1083
2021-04-09,1084,Hovedstaden,3422,1084
2021-04-09,1085,Sjælland,330,1085
2021-04-10,1081,Nordjylland,1017,1081
2021-04-10,1082,Midtjylland,735,1082
2021-04-10,1083,Syddanmark,1303,1083
2021-04-10,1084,Hovedstaden,1299,1084
2021-04-10,1085,Sjælland,1123,1085
2021-04-11,1081,Nordjylland,1105,1081
2021-04-11,1082,Midtjylland,787,1082
2021-04-11,1083,Syddanmark,1085,1083
2021-04-11,1084,Hovedstaden,133,1084
2021-04-11,1085,Sjælland,829,1085
2021-04-12,1081,Nordjylland,64,1081
2021-04-12,1082,Midtjylland,1894,1082
2021-04-12,1083,Syddanmark,1552,1083
2021-04-12,1084,Hovedstaden,6889,1084
2021-04-12,1085,Sjælland,1175,1085
2021-04-13,1081,Nordjylland,445,1081
2021-04-13,1082,Midtjylland,1750,1082
2021-04-13,1083,Syddanmark,1222,1083
2021-04-13,1084,Hovedstaden,1075,1084
2021-04-13,1085,Sjælland,1791,1085
2021-04-14,1081,Nordjylland,708,1081
2021-04-14,1082,Midtjylland,2404,1082
2021-04-14,1083,Syddanmark,1552,1083
2021-04-14,1084,Hovedstaden,4559,1084
2021-04-14,1085,Sjælland,2003,1085
2021-04-15,1081,Nordjylland,1478,1081
2021-04-15,1082,Midtjylland,3079,1082
2021-04-15,1083,Syddanmark,1391,1083
2021-04-15,1084,Hovedstaden,1562,1084
2021-04-15,1085,Sjælland,1651,1085
2021-04-16,1081,Nordjylland,948,1081
2021-04-16,1082,Midtjylland,1451,1082
2021-04-16,1083,Syddanmark,1559,1083
2021-04-16,1084,Hovedstaden,3045,1084
2021-04-16,1085,Sjælland,1231,1085
2021-04-17,1081,Nordjylland,17,1081
2021-04-17,1082,Midtjylland,42,1082
2021-04-17,1083,Syddanmark,915,1083
2021-04-17,1084,Hovedstaden,200,1084
2021-04-17,1085,Sjælland,1579,1085
2021-04-18,1081,Nordjylland,3006,1081
2021-04-18,1082,Midtjylland,32,1082
2021-04-18,1083,Syddanmark,626,1083
2021-04-18,1084,Hovedstaden,180,1084
2021-04-18,1085,Sjælland,1315,1085
2021-04-19,1081,Nordjylland,2611,1081
2021-04-19,1082,Midtjylland,4866,1082
2021-04-19,1083,Syddanmark,1562,1083
2021-04-19,1084,Hovedstaden,2058,1084
2021-04-19,1085,Sjælland,3355,1085
2021-04-20,1081,Nordjylland,869,1081
2021-04-20,1082,Midtjylland,4538,1082
2021-04-20,1083,Syddanmark,1780,1083
2021-04-20,1084,Hovedstaden,5021,1084
2021-04-20,1085,Sjælland,4854,1085
2021-04-21,1081,Nordjylland,50,1081
2021-04-21,1082,Midtjylland,5713,1082
2021-04-21,1083,Syddanmark,1002,1083
2021-04-21,1084,Hovedstaden,3767,1084
2021-04-21,1085,Sjælland,2297,1085
2021-04-22,1081,Nordjylland,54,1081
2021-04-22,1082,Midtjylland,2657,1082
2021-04-22,1083,Syddanmark,1557,1083
2021-04-22,1084,Hovedstaden,135,1084
2021-04-22,1085,Sjælland,1012,1085
2021-04-23,1081,Nordjylland,50,1081
2021-04-23,1082,Midtjylland,1919,1082
2021-04-23,1083,Syddanmark,1942,1083
2021-04-23,1084,Hovedstaden,6975,1084
2021-04-23,1085,Sjælland,377,1085
2021-04-24,1081,Nordjylland,896,1081
2021-04-24,1082,Midtjylland,68,1082
2021-04-24,1083,Syddanmark,1606,1083
2021-04-24,1084,Hovedstaden,1995,1084
2021-04-24,1085,Sjælland,3060,1085
2021-04-25,1081,Nordjylland,496,1081
2021-04-25,1082,Midtjylland,28,1082
2021-04-25,1083,Syddanmark,917,1083
2021-04-25,1084,Hovedstaden,315,1084
2021-04-25,1085,Sjælland,3539,1085
2021-04-26,1081,Nordjylland,1041,1081
2021-04-26,1082,Midtjylland,833,1082
2021-04-26,1083,Syddanmark,1628,1083
2021-04-26,1084,Hovedstaden,3159,1084
2021-04-26,1085,Sjælland,1225,1085
2021-04-27,1081,Nordjylland,2495,1081
2021-04-27,1082,Midtjylland,3775,1082
2021-04-27,1083,Syddanmark,1962,1083
2021-04-27,1084,Hovedstaden,9722,1084
2021-04-27,1085,Sjælland,3001,1085
2021-04-28,1081,Nordjylland,1749,1081
2021-04-28,1082,Midtjylland,5864,1082
2021-04-28,1083,Syddanmark,3792,1083
2021-04-28,1084,Hovedstaden,8207,1084
2021-04-28,1085,Sjælland,1042,1085
2021-04-29,1081,Nordjylland,1171,1081
2021-04-29,1082,Midtjylland,5493,1082
2021-04-29,1083,Syddanmark,2209,1083
2021-04-29,1084,Hovedstaden,7230,1084
2021-04-29,1085,Sjælland,1884,1085
2021-04-30,1081,Nordjylland,806,1081
2021-04-30,1082,Midtjylland,654,1082
2021-04-30,1083,Syddanmark,1868,1083
2021-04-30,1084,Hovedstaden,212,1084
2021-04-30,1085,Sjælland,415,1085
2021-05-01,1081,Nordjylland,770,1081
2021-05-01,1082,Midtjylland,73,1082
2021-05-01,1083,Syddanmark,2190,1083
2021-05-01,1084,Hovedstaden,466,1084
2021-05-01,1085,Sjælland,2635,1085
2021-05-02,1081,Nordjylland,1181,1081
2021-05-02,1082,Midtjylland,34,1082
2021-05-02,1083,Syddanmark,1975,1083
2021-05-02,1084,Hovedstaden,8605,1084
2021-05-02,1085,Sjælland,2015,1085
2021-05-03,1081,Nordjylland,9889,1081
2021-05-03,1082,Midtjylland,8857,1082
2021-05-03,1083,Syddanmark,4083,1083
2021-05-03,1084,Hovedstaden,7973,1084
2021-05-03,1085,Sjælland,15001,1085
2021-05-04,1081,Nordjylland,1045,1081
2021-05-04,1082,Midtjylland,8377,1082
2021-05-04,1083,Syddanmark,4030,1083
2021-05-04,1084,Hovedstaden,8654,1084
2021-05-04,1085,Sjælland,2721,1085
2021-05-05,1081,Nordjylland,1422,1081
2021-05-05,1082,Midtjylland,8876,1082
2021-05-05,1083,Syddanmark,4215,1083
2021-05-05,1084,Hovedstaden,12018,1084
2021-05-05,1085,Sjælland,2769,1085
2021-05-06,1081,Nordjylland,616,1081
2021-05-06,1082,Midtjylland,7549,1082
2021-05-06,1083,Syddanmark,5134,1083
2021-05-06,1084,Hovedstaden,10023,1084
2021-05-06,1085,Sjælland,2270,1085
2021-05-07,1081,Nordjylland,1371,1081
2021-05-07,1082,Midtjylland,5949,1082
2021-05-07,1083,Syddanmark,5582,1083
2021-05-07,1084,Hovedstaden,7546,1084
2021-05-07,1085,Sjælland,4198,1085
2021-05-08,1081,Nordjylland,1231,1081
2021-05-08,1082,Midtjylland,235,1082
2021-05-08,1083,Syddanmark,3838,1083
2021-05-08,1084,Hovedstaden,19715,1084
2021-05-08,1085,Sjælland,5860,1085
2021-05-09,1081,Nordjylland,1817,1081
2021-05-09,1082,Midtjylland,79,1082
2021-05-09,1083,Syddanmark,2905,1083
2021-05-09,1084,Hovedstaden,8164,1084
2021-05-09,1085,Sjælland,3756,1085
2021-05-10,1081,Nordjylland,4733,1081
2021-05-10,1082,Midtjylland,7068,1082
2021-05-10,1083,Syddanmark,14278,1083
2021-05-10,1084,Hovedstaden,5548,1084
2021-05-10,1085,Sjælland,4546,1085
2021-05-11,1081,Nordjylland,3653,1081
2021-05-11,1082,Midtjylland,7597,1082
2021-05-11,1083,Syddanmark,5746,1083
2021-05-11,1084,Hovedstaden,6171,1084
2021-05-11,1085,Sjælland,3120,1085
2021-05-12,1081,Nordjylland,1953,1081
2021-05-12,1082,Midtjylland,9342,1082
2021-05-12,1083,Syddanmark,6275,1083
2021-05-12,1084,Hovedstaden,5584,1084
2021-05-12,1085,Sjælland,3860,1085
2021-05-13,1081,Nordjylland,1840,1081
2021-05-13,1082,Midtjylland,2667,1082
2021-05-13,1083,Syddanmark,2346,1083
2021-05-13,1084,Hovedstaden,10624,1084
2021-05-13,1085,Sjælland,2223,1085
2021-05-14,1081,Nordjylland,3239,1081
2021-05-14,1082,Midtjylland,9092,1082
2021-05-14,1083,Syddanmark,7038,1083
2021-05-14,1084,Hovedstaden,7780,1084
2021-05-14,1085,Sjælland,3665,1085
2021-05-15,1081,Nordjylland,5383,1081
2021-05-15,1082,Midtjylland,319,1082
2021-05-15,1083,Syddanmark,4641,1083
2021-05-15,1084,Hovedstaden,6872,1084
2021-05-15,1085,Sjælland,2257,1085
2021-05-16,1081,Nordjylland,4566,1081
2021-05-16,1082,Midtjylland,237,1082
2021-05-16,1083,Syddanmark,3859,1083
2021-05-16,1084,Hovedstaden,3450,1084
2021-05-16,1085,Sjælland,1974,1085
2021-05-17,1081,Nordjylland,2717,1081
2021-05-17,1082,Midtjylland,10114,1082
2021-05-17,1083,Syddanmark,6760,1083
2021-05-17,1084,Hovedstaden,7143,1084
2021-05-17,1085,Sjælland,3444,1085
2021-05-18,1081,Nordjylland,2079,1081
2021-05-18,1082,Midtjylland,7814,1082
2021-05-18,1083,Syddanmark,9377,1083
2021-05-18,1084,Hovedstaden,8931,1084
2021-05-18,1085,Sjælland,2610,1085
2021-05-19,1081,Nordjylland,3630,1081
2021-05-19,1082,Midtjylland,6894,1082
2021-05-19,1083,Syddanmark,4838,1083
2021-05-19,1084,Hovedstaden,2747,1084
2021-05-19,1085,Sjælland,4552,1085
2021-05-20,1081,Nordjylland,2187,1081
2021-05-20,1082,Midtjylland,7115,1082
2021-05-20,1083,Syddanmark,5268,1083
2021-05-20,1084,Hovedstaden,5884,1084
2021-05-20,1085,Sjælland,1893,1085
2021-05-21,1081,Nordjylland,1125,1081
2021-05-21,1082,Midtjylland,3196,1082
2021-05-21,1083,Syddanmark,6727,1083
2021-05-21,1084,Hovedstaden,6903,1084
2021-05-21,1085,Sjælland,1315,1085
2021-05-22,1081,Nordjylland,2866,1081
2021-05-22,1082,Midtjylland,112,1082
2021-05-22,1083,Syddanmark,4356,1083
2021-05-22,1084,Hovedstaden,3000,1084
2021-05-22,1085,Sjælland,1560,1085
2021-05-23,1081,Nordjylland,3,1081
2021-05-23,1082,Midtjylland,303,1082
2021-05-23,1083,Syddanmark,3467,1083
2021-05-23,1084,Hovedstaden,1242,1084
2021-05-23,1085,Sjælland,1174,1085
2021-05-24,1081,Nordjylland,3005,1081
2021-05-24,1082,Midtjylland,1169,1082
2021-05-24,1083,Syddanmark,3689,1083
2021-05-24,1084,Hovedstaden,976,1084
2021-05-24,1085,Sjælland,870,1085
2021-05-25,1081,Nordjylland,64,1081
2021-05-25,1082,Midtjylland,3447,1082
2021-05-25,1083,Syddanmark,6277,1083
2021-05-25,1084,Hovedstaden,2269,1084
2021-05-25,1085,Sjælland,816,1085
2021-05-26,1081,Nordjylland,148,1081
2021-05-26,1082,Midtjylland,2986,1082
2021-05-26,1083,Syddanmark,5410,1083
2021-05-26,1084,Hovedstaden,2801,1084
2021-05-26,1085,Sjælland,771,1085
2021-05-27,1081,Nordjylland,1725,1081
2021-05-27,1082,Midtjylland,2582,1082
2021-05-27,1083,Syddanmark,3464,1083
2021-05-27,1084,Hovedstaden,3022,1084
2021-05-27,1085,Sjælland,1601,1085
2021-05-28,1081,Nordjylland,1968,1081
2021-05-28,1082,Midtjylland,1867,1082
2021-05-28,1083,Syddanmark,2772,1083
2021-05-28,1084,Hovedstaden,1623,1084
2021-05-28,1085,Sjælland,1495,1085
2021-05-29,1081,Nordjylland,303,1081
2021-05-29,1082,Midtjylland,86,1082
2021-05-29,1083,Syddanmark,1666,1083
2021-05-29,1084,Hovedstaden,1774,1084
2021-05-29,1085,Sjælland,1383,1085
2021-05-30,1081,Nordjylland,7,1081
2021-05-30,1082,Midtjylland,82,1082
2021-05-30,1083,Syddanmark,1491,1083
2021-05-30,1084,Hovedstaden,4175,1084
2021-05-30,1085,Sjælland,1205,1085
2021-05-31,1081,Nordjylland,159,1081
2021-05-31,1082,Midtjylland,5660,1082
2021-05-31,1083,Syddanmark,2622,1083
2021-05-31,1084,Hovedstaden,8714,1084
2021-05-31,1085,Sjælland,4348,1085
2021-06-01,1081,Nordjylland,314,1081
2021-06-01,1082,Midtjylland,3291,1082
2021-06-01,1083,Syddanmark,4123,1083
2021-06-01,1084,Hovedstaden,6864,1084
2021-06-01,1085,Sjælland,3073,1085
2021-06-02,1081,Nordjylland,104,1081
2021-06-02,1082,Midtjylland,5051,1082
2021-06-02,1083,Syddanmark,2636,1083
2021-06-02,1084,Hovedstaden,6847,1084
2021-06-02,1085,Sjælland,2740,1085
2021-06-03,1081,Nordjylland,1506,1081
2021-06-03,1082,Midtjylland,6483,1082
2021-06-03,1083,Syddanmark,2549,1083
2021-06-03,1084,Hovedstaden,11279,1084
2021-06-03,1085,Sjælland,1904,1085
2021-06-04,1081,Nordjylland,1185,1081
2021-06-04,1082,Midtjylland,3955,1082
2021-06-04,1083,Syddanmark,3030,1083
2021-06-04,1084,Hovedstaden,2727,1084
2021-06-04,1085,Sjælland,3387,1085
2021-06-05,1081,Nordjylland,2158,1081
2021-06-05,1082,Midtjylland,395,1082
2021-06-05,1083,Syddanmark,1700,1083
2021-06-05,1084,Hovedstaden,1190,1084
2021-06-05,1085,Sjælland,2080,1085
2021-06-06,1081,Nordjylland,1807,1081
2021-06-06,1082,Midtjylland,574,1082
2021-06-06,1083,Syddanmark,1848,1083
2021-06-06,1084,Hovedstaden,8771,1084
2021-06-06,1085,Sjælland,2151,1085
2021-06-07,1081,Nordjylland,686,1081
2021-06-07,1082,Midtjylland,5272,1082
2021-06-07,1083,Syddanmark,2877,1083
2021-06-07,1084,Hovedstaden,11700,1084
2021-06-07,1085,Sjælland,1149,1085
2021-06-08,1081,Nordjylland,3640,1081
2021-06-08,1082,Midtjylland,5937,1082
2021-06-08,1083,Syddanmark,3311,1083
2021-06-08,1084,Hovedstaden,8282,1084
2021-06-08,1085,Sjælland,3499,1085
2021-06-09,1081,Nordjylland,3334,1081
2021-06-09,1082,Midtjylland,4657,1082
2021-06-09,1083,Syddanmark,3842,1083
2021-06-09,1084,Hovedstaden,9246,1084
2021-06-09,1085,Sjælland,3119,1085
